sku,product_name,image_url,detail_url,confidence
1103-150,کولیس دیجیتال 15سانت — 15 سانت,https://www.tosag.ch/media/image/product/51984/lg/digital-messschieber-mit-absolut-system.jpg,https://www.tosag.ch/Digital-caliper-with-absolute-system,very_high
1103-200,کولیس دیجیتال 20سانت — 20 سانت,https://www.tosag.ch/media/image/product/51984/lg/digital-messschieber-mit-absolut-system.jpg,https://www.tosag.ch/Digital-caliper-with-absolute-system,very_high
1103-300,کولیس دیجیتال 30سانت — 30 سانت,https://www.tosag.ch/media/image/product/51984/lg/digital-messschieber-mit-absolut-system.jpg,https://www.tosag.ch/Digital-caliper-with-absolute-system,very_high
1106-301,کولیس دیجیتال 30سانت فک بلند 10سانت — 30 سانت,https://www.tosag.ch/media/image/product/52081/lg/digital-messschieber-mit-langen-messschenkeln.jpg,https://www.tosag.ch/Digital-caliper-with-long-measuring-legs,very_high
1106-302,کولیس دیجیتال 30سانت فک بلند 15سانت — 30 سانت,https://www.tosag.ch/media/image/product/52081/lg/digital-messschieber-mit-langen-messschenkeln.jpg,https://www.tosag.ch/Digital-caliper-with-long-measuring-legs,very_high
1106-501,کولیس دیجیتال 50سانت — 50 سانت,https://www.tosag.ch/media/image/product/52081/lg/digital-messschieber-mit-langen-messschenkeln.jpg,https://www.tosag.ch/Digital-caliper-with-long-measuring-legs,very_high
1106-502,کولیس دیجیتال 50سانت فک بلند 15سانت — 50 سانت,https://www.tosag.ch/media/image/product/52081/lg/digital-messschieber-mit-langen-messschenkeln.jpg,https://www.tosag.ch/Digital-caliper-with-long-measuring-legs,very_high
1106-503,کولیس دیجیتال 50سانت فک بلند 20سانت — 50 سانت,https://www.tosag.ch/media/image/product/52081/lg/digital-messschieber-mit-langen-messschenkeln.jpg,https://www.tosag.ch/Digital-caliper-with-long-measuring-legs,very_high
1106-505,کولیس دیجیتال 50سانت فک بلند 30سانت — 50 سانت,https://www.tosag.ch/media/image/product/52081/lg/digital-messschieber-mit-langen-messschenkeln.jpg,https://www.tosag.ch/Digital-caliper-with-long-measuring-legs,very_high
1106-601,کولیس دیجیتال 60سانت — 60 سانت,https://www.tosag.ch/media/image/product/52081/lg/digital-messschieber-mit-langen-messschenkeln.jpg,https://www.tosag.ch/Digital-caliper-with-long-measuring-legs,very_high
1106-602,کولیس دیجیتال 60سانت فک بلند 15سانت — 60 سانت,https://www.tosag.ch/media/image/product/52081/lg/digital-messschieber-mit-langen-messschenkeln.jpg,https://www.tosag.ch/Digital-caliper-with-long-measuring-legs,very_high
1106-603,کولیس دیجیتال 60سانت فک بلند 20سانت — 60 سانت,https://www.tosag.ch/media/image/product/52081/lg/digital-messschieber-mit-langen-messschenkeln.jpg,https://www.tosag.ch/Digital-caliper-with-long-measuring-legs,very_high
1106-802,کولیس دیجیتال 80سانت فک بلند 15سانت — 80 سانت,https://www.tosag.ch/media/image/product/52081/lg/digital-messschieber-mit-langen-messschenkeln.jpg,https://www.tosag.ch/Digital-caliper-with-long-measuring-legs,very_high
1108-150,کولیس دیجیتال 15سانت — 15 سانت,https://www.tosag.ch/media/image/product/51955/lg/digital-messschieber-standard.jpg,https://www.tosag.ch/Digital-caliper-standard,very_high
1108-200,کولیس دیجیتال 20سانت — 20 سانت,https://www.tosag.ch/media/image/product/51955/lg/digital-messschieber-standard.jpg,https://www.tosag.ch/Digital-caliper-standard,very_high
1108-300,کولیس دیجیتال 30سانت — 30 سانت,https://www.tosag.ch/media/image/product/51955/lg/digital-messschieber-standard.jpg,https://www.tosag.ch/Digital-caliper-standard,very_high
1120-500,کولیس داخل دیجیتال 50سانت 40 - 500 — 50 سانت,https://www.tosag.ch/media/image/product/51902/lg/digital-innennuten-messschieber.jpg,https://www.tosag.ch/Digital-inside-grooves-caliper,very_high
1122-300,کولیس داخل شیار دیجیتال 30سانت 4 - 300 — 30 سانت,https://www.tosag.ch/media/image/product/51845/lg/digital-haken-messschieber.jpg,https://www.tosag.ch/Digital-hook-caliper,very_high
1135-601,کولیس دیجیتال دو فک 60سانت — 60 سانت,https://www.tosag.ch/media/image/product/52082/lg/digital-messschieber-mit-langen-messschenkeln_1.jpg,https://www.tosag.ch/Digital-caliper-with-long-measuring-legs_1,very_high
1136-501,کولیس دیجیتال دو فک 50سانت — 50 سانت,https://www.tosag.ch/media/image/product/52083/lg/digital-messschieber-mit-langen-messschenkeln_2.jpg,https://www.tosag.ch/Digital-caliper-with-long-measuring-legs_2,very_high
1136-502,کولیس دیجیتال دو فک 50سانت فک 15سانت — 50 سانت,https://www.tosag.ch/media/image/product/52083/lg/digital-messschieber-mit-langen-messschenkeln_2.jpg,https://www.tosag.ch/Digital-caliper-with-long-measuring-legs_2,very_high
1136-503,کولیس دیجیتال دو فک 50سانت فک 20سانت — 50 سانت,https://www.tosag.ch/media/image/product/52083/lg/digital-messschieber-mit-langen-messschenkeln_2.jpg,https://www.tosag.ch/Digital-caliper-with-long-measuring-legs_2,very_high
1136-601,کولیس دیجیتال دو فک 60سانت — 60 سانت,https://www.tosag.ch/media/image/product/52083/lg/digital-messschieber-mit-langen-messschenkeln_2.jpg,https://www.tosag.ch/Digital-caliper-with-long-measuring-legs_2,very_high
1140-100,عمق سنج دیجیتال 10سانت با میله گرد — 10 سانت,https://www.tosag.ch/media/image/product/63784/lg/mini-digital-tiefenmessschieber-mit-rundem-tiefenmass.jpg,https://www.tosag.ch/Mini-Digital-Depth-Caliper-with-Round-Depth-Gauge,very_high
1140-150,عمق سنج دیجیتال 15سانت با میله گرد — 15 سانت,https://www.tosag.ch/media/image/product/63784/lg/mini-digital-tiefenmessschieber-mit-rundem-tiefenmass.jpg,https://www.tosag.ch/Mini-Digital-Depth-Caliper-with-Round-Depth-Gauge,very_high
1150-300,کولیس پایه دار دیجیتال 30سانت — 30 سانت,https://www.tosag.ch/media/image/product/51851/lg/digital-hoehenmess-und-anreissmessgeraet-einfache-ausfuehrung.jpg,https://www.tosag.ch/Digital-height-measuring-and-marking-instrument-simple-version,very_high
1150-500,کولیس پایه دار دیجیتال 50سانت کولیس دیجیتال — 0-500mm,https://www.tosag.ch/media/image/product/51851/lg/digital-hoehenmess-und-anreissmessgeraet-einfache-ausfuehrung.jpg,https://www.tosag.ch/Digital-height-measuring-and-marking-instrument-simple-version,very_high
1150-600,کولیس پایه دار دیجیتال 60سانت — 60 سانت,https://www.tosag.ch/media/image/product/51851/lg/digital-hoehenmess-und-anreissmessgeraet-einfache-ausfuehrung.jpg,https://www.tosag.ch/Digital-height-measuring-and-marking-instrument-simple-version,very_high
1156-300,کولیس پایه دار دیجیتال 30سانت — 30 سانت,https://www.tosag.ch/media/image/product/51862/lg/digital-hoehenmess-und-anreissmessgeraet-mit-antriebsrad.jpg,https://www.tosag.ch/Digital-height-measuring-and-marking-gauge-with-drive-wheel,very_high
1156-600,کولیس پایه دار دیجیتال 60سانت — 60 سانت,https://www.tosag.ch/media/image/product/51862/lg/digital-hoehenmess-und-anreissmessgeraet-mit-antriebsrad.jpg,https://www.tosag.ch/Digital-height-measuring-and-marking-gauge-with-drive-wheel,very_high
1169-150,کولیس دیجیتال فک باریک 15سانت — 15 سانت,https://www.tosag.ch/media/image/product/52075/lg/digital-messschieber-mit-kleiner-punktauflage.jpg,https://www.tosag.ch/Digital-caliper-with-small-point-support,very_high
1170-300,کولیس دیجیتال 30سانت فک بلند 9سانت — 30 سانت,https://www.tosag.ch/media/image/product/52084/lg/digital-messschieber-mit-langen-messschenkeln_3.jpg,https://www.tosag.ch/Digital-caliper-with-long-measuring-legs_3,very_high
1172-200,کولیس دیجیتال 20سانت فک پهن — 20 سانت,https://www.tosag.ch/media/image/product/51991/lg/digital-messschieber-mit-breiten-messflaechen.jpg,https://www.tosag.ch/Digital-caliper-with-wide-measuring-surfaces,very_high
1176-150,کولیس داخل دیجیتال 15سانت 9 - 150 — 15 سانت,https://www.tosag.ch/media/image/product/52253/lg/digital-messschieber-zur-messung-von-innennuten_1.jpg,https://www.tosag.ch/Digital-caliper-for-measuring-internal-grooves_1,very_high
1176-200,کولیس داخل دیجیتال 20سانت 9 - 200 — 20 سانت,https://www.tosag.ch/media/image/product/52253/lg/digital-messschieber-zur-messung-von-innennuten_1.jpg,https://www.tosag.ch/Digital-caliper-for-measuring-internal-grooves_1,very_high
1178-300,کولیس داخل دیجیتال 30سانت 25 - 300 — 30 سانت,https://www.tosag.ch/media/image/product/52254/lg/digital-messschieber-zur-messung-von-innennuten_2.jpg,https://www.tosag.ch/Digital-caliper-for-measuring-internal-grooves_2,very_high
1196-300,کولیس دیجیتال 30سانت — 30 سانت,https://www.tosag.ch/media/image/product/51952/lg/digital-messschieber-robuste-ausfuehrung.jpg,https://www.tosag.ch/Digital-caliper-robust-version,very_high
1208-511,کولیس 50سانت یک تکه فک 10سانت — 50 سانت,https://www.tosag.ch/media/image/product/51212/lg/analog-messschieber-schieblehre-stabile-ausfuehrung_5.jpg,https://www.tosag.ch/Analog-caliper-caliper-gauge-stable-design_4,very_high
1208-524,کولیس 50سانت یک تکه فک بلند 15سانت — 50 سانت,https://www.tosag.ch/media/image/product/51212/lg/analog-messschieber-schieblehre-stabile-ausfuehrung_5.jpg,https://www.tosag.ch/Analog-caliper-caliper-gauge-stable-design_4,very_high
1208-824,کولیس 80سانت یک تکه فک بلند 15سانت — 80 سانت,https://www.tosag.ch/media/image/product/51212/lg/analog-messschieber-schieblehre-stabile-ausfuehrung_5.jpg,https://www.tosag.ch/Analog-caliper-caliper-gauge-stable-design_4,very_high
1214-500,کولیس استن استیل معمولی 50سانت — 50 سانت,https://www.tosag.ch/media/image/product/51214/lg/analog-messschieber-schieblehre-stabile-ausfuehrung_7.jpg,https://www.tosag.ch/Analog-caliper-caliper-gauge-stable-design_6,very_high
1214-600,کولیس استن استیل معمولی 60سانت — 60 سانت,https://www.tosag.ch/media/image/product/51214/lg/analog-messschieber-schieblehre-stabile-ausfuehrung_7.jpg,https://www.tosag.ch/Analog-caliper-caliper-gauge-stable-design_6,very_high
1215-1032,کولیس معمولی 1متر فک بلند 20سانت — 1 متر,https://www.tosag.ch/media/image/product/63162/lg/messschieber-schieblehre-mit-langen-messschenkeln.jpg,https://www.tosag.ch/Caliper-caliper-gauge-with-long-measuring-legs,very_high
1215-1052,کولیس معمولی 1متر فک بلند 30سانت — 1 متر,https://www.tosag.ch/media/image/product/63162/lg/messschieber-schieblehre-mit-langen-messschenkeln.jpg,https://www.tosag.ch/Caliper-caliper-gauge-with-long-measuring-legs,very_high
1215-322,کولیس معمولی 30سانت فک بلند 15سانت — 30 سانت,https://www.tosag.ch/media/image/product/63162/lg/messschieber-schieblehre-mit-langen-messschenkeln.jpg,https://www.tosag.ch/Caliper-caliper-gauge-with-long-measuring-legs,very_high
1215-392,کولیس معمولی 30سانت فک بلند 9سانت — 30 سانت,https://www.tosag.ch/media/image/product/63162/lg/messschieber-schieblehre-mit-langen-messschenkeln.jpg,https://www.tosag.ch/Caliper-caliper-gauge-with-long-measuring-legs,very_high
1215-522,کولیس معمولی 50سانت فک بلند 15سانت — 50 سانت,https://www.tosag.ch/media/image/product/63162/lg/messschieber-schieblehre-mit-langen-messschenkeln.jpg,https://www.tosag.ch/Caliper-caliper-gauge-with-long-measuring-legs,very_high
1215-532,کولیس معمولی 50سانت فک بلند 20سانت — 50 سانت,https://www.tosag.ch/media/image/product/63162/lg/messschieber-schieblehre-mit-langen-messschenkeln.jpg,https://www.tosag.ch/Caliper-caliper-gauge-with-long-measuring-legs,very_high
1215-622,کولیس معمولی 60سانت فک بلند 15سانت — 60 سانت,https://www.tosag.ch/media/image/product/63162/lg/messschieber-schieblehre-mit-langen-messschenkeln.jpg,https://www.tosag.ch/Caliper-caliper-gauge-with-long-measuring-legs,very_high
1215-822,کولیس معمولی 80سانت فک بلند 15سانت — 80 سانت,https://www.tosag.ch/media/image/product/63162/lg/messschieber-schieblehre-mit-langen-messschenkeln.jpg,https://www.tosag.ch/Caliper-caliper-gauge-with-long-measuring-legs,very_high
1217-3001,کولیس معمولی 30سانت دو فک ( فک بلند ) — 30 سانت,https://www.tosag.ch/media/image/product/51192/lg/analog-messschieber-schieblehre_1.jpg,https://www.tosag.ch/Analog-caliper-caliper-gauge_1,very_high
1236-394,کولیس معمولی 30سانت دو فک فک بلند 9سانت — 30 سانت,https://www.tosag.ch/media/image/product/51215/lg/analog-messschieber-schieblehre-stabile-ausfuehrung_8.jpg,https://www.tosag.ch/Analog-caliper-caliper-gauge-sturdy-design_1,very_high
1236-524,کولیس معمولی 50سانت دو فک فک بلند 15سانت — 50 سانت,https://www.tosag.ch/media/image/product/51215/lg/analog-messschieber-schieblehre-stabile-ausfuehrung_8.jpg,https://www.tosag.ch/Analog-caliper-caliper-gauge-sturdy-design_1,very_high
1250-300,کولیس پایه دار معمولی 30سانت — 30 سانت,https://www.tosag.ch/media/image/product/51173/lg/analog-hoehenmess-und-anreissmessgeraet.jpg,https://www.tosag.ch/Analog-height-measuring-and-marking-gauge,very_high
1250-600,کولیس پایه دار معمولی 60سانت — 60 سانت,https://www.tosag.ch/media/image/product/51173/lg/analog-hoehenmess-und-anreissmessgeraet.jpg,https://www.tosag.ch/Analog-height-measuring-and-marking-gauge,very_high
1316-500,کولیس استن استیل ساعتی 50سانت — 50 سانت,https://www.tosag.ch/media/image/product/74539/lg/uhren-messschieber-schieblehre_2.jpg,https://www.tosag.ch/Dial-Caliper,very_high
1340-150,عمق سنج ساعتی 15سانت — 15 سانت,https://www.tosag.ch/media/image/product/63315/lg/messuhr-tiefenmessschieber-schieblehre.jpg,https://www.tosag.ch/Dial-Gauge-Depth-Caliper-Calliper-Gauge,very_high
1340-200,عمق سنج ساعتی 20سانت — 20 سانت,https://www.tosag.ch/media/image/product/63315/lg/messuhr-tiefenmessschieber-schieblehre.jpg,https://www.tosag.ch/Dial-Gauge-Depth-Caliper-Calliper-Gauge,very_high
1340-300,عمق سنج ساعتی 30سانت — 30 سانت,https://www.tosag.ch/media/image/product/63315/lg/messuhr-tiefenmessschieber-schieblehre.jpg,https://www.tosag.ch/Dial-Gauge-Depth-Caliper-Calliper-Gauge,very_high
1520-150,کولیس داخل دیجیتال 15سانت 11 - 150 — 15 سانت,https://www.tosag.ch/media/image/product/52255/lg/digital-messschieber-zur-messung-von-innennuten_3.jpg,https://www.tosag.ch/Digital-caliper-for-measuring-internal-grooves_3,very_high
1530-300,کولیس داخل /خارج دیجیتال 30سانت — 30 سانت,https://www.tosag.ch/media/image/product/52218/lg/digital-messschieber-mit-wechselbaren-messeinsaetzen_2.jpg,https://www.tosag.ch/Digital-caliper-with-interchangeable-measuring-inserts_4,very_high
2112-101,ساعت اندیکاتور دیجیتال — 0-101mm,https://www.tosag.ch/media/image/product/52320/lg/digital-messuhr-standard.jpg,https://www.tosag.ch/Digital-dial-gauge-standard_1,very_high
2112-251,ساعت اندیکاتور دیجیتال کورس 25میلیمتر — 0-251mm,https://www.tosag.ch/media/image/product/52320/lg/digital-messuhr-standard.jpg,https://www.tosag.ch/Digital-dial-gauge-standard_1,very_high
2112-501,ساعت اندیکاتور دیجیتال کورس 50میلیمتر — 0-501mm,https://www.tosag.ch/media/image/product/52320/lg/digital-messuhr-standard.jpg,https://www.tosag.ch/Digital-dial-gauge-standard_1,very_high
2142-101,عمق سنج سوزنی دیجیتال 0 - 10پایه 16میلیمتر — 0-101mm,https://www.tosag.ch/media/image/product/52391/lg/digital-messuhr-tiefenmessgeraet_1.jpg,https://www.tosag.ch/Digital-Dial-Gauge-Depth-Gauge_1,very_high
2142-102,عمق سنج سوزنی دیجیتال 0 - 10پایه 25میلیمتر — 0-102mm,https://www.tosag.ch/media/image/product/52391/lg/digital-messuhr-tiefenmessgeraet_1.jpg,https://www.tosag.ch/Digital-Dial-Gauge-Depth-Gauge_1,very_high
2176-200,درجه زاویه سنج دیجیتال 20سانت — 20 سانت,https://www.tosag.ch/media/image/product/52840/lg/digital-winkelmesser_1.jpg,https://www.tosag.ch/Digital-protractor_1,very_high
2176-300,درجه زاویه سنج دیجیتال 30سانت — 30 سانت,https://www.tosag.ch/media/image/product/52840/lg/digital-winkelmesser_1.jpg,https://www.tosag.ch/Digital-protractor_1,very_high
2222-301,پرگار ساعتی داخل 10 - 30 — 0-301mm,https://www.tosag.ch/media/image/product/67966/lg/tastarm-messuhr-fuer-innenmessung.jpg,https://www.tosag.ch/Probe-arm-dial-indicator-for-indoor-measurement,very_high
2223-153,پرگار ساعتی داخل 55 - 153 — 0-153mm,https://www.tosag.ch/media/image/product/67996/lg/tastarm-messuhr-fuer-innenmessung_5.jpg,https://www.tosag.ch/Probe-arm-dial-indicator-for-inside-measurement-with-changeable-measuring-inserts-55-153mm,very_high
2278-180,زاویه سنج 3تکه — 0-180mm,https://www.tosag.ch/media/image/product/62589/lg/kombinations-winkel-satz.jpg,https://www.tosag.ch/Combination-angle-set,very_high
2307-105,in ساعت اینچی — 0-105mm,https://www.tosag.ch/media/image/product/63269/lg/messuhr-mit-inch-skalenteilung.jpg,https://www.tosag.ch/Dial-indicator-with-inch-scale-division,very_high
2333-201,پرگار ساعتی خارج 20تا 0میلیمتر — 0-201mm,https://www.tosag.ch/media/image/product/67955/lg/tastarm-messuhr-fuer-aussenmessung_1.jpg,https://www.tosag.ch/Probe-arm-dial-indicator-for-outdoor-measurement_1,very_high
2342-202,عمق سنج ساعتی 30سانت — 30 سانت,https://www.tosag.ch/media/image/product/63308/lg/messuhrtiefenmessgeraet.jpg,https://www.tosag.ch/Dial-gaugeDepth-gauge,very_high
2343-102,عمق سنج سوزنی ساعتی 0 - 10 — 0-102mm,https://www.tosag.ch/media/image/product/63309/lg/messuhrtiefenmessgeraet_1.jpg,https://www.tosag.ch/Dial-gaugeDepth-gauge_1,very_high
2374-320,دقیقه 2 زاویه سنج — 0-320mm,https://www.tosag.ch/media/image/product/68525/lg/winkelmesser_2.jpg,https://www.tosag.ch/Protractor_2,very_high
2381-021,ساعت شیطانکی هزارم صفحه بزرگ — 0-210mm,https://www.tosag.ch/media/image/product/53791/lg/fuehlhebelmessgeraet.jpg,https://www.tosag.ch/Feeler-lever-gauge,very_high
2711-165,پرگار دیجیتال داخل 12.7 - 165میلیمتر — 0-165mm,https://www.tosag.ch/media/image/product/52697/lg/digital-tastarm-messuhr-fuer-innenmessung_1.jpg,https://www.tosag.ch/Digital-Probe-Arm-Dial-Indicator-for-Indoor-Measurement_1,very_high
2711-216,پرگار دیجیتال داخل 12.7 - 216 — 0-216mm,https://www.tosag.ch/media/image/product/52697/lg/digital-tastarm-messuhr-fuer-innenmessung_1.jpg,https://www.tosag.ch/Digital-Probe-Arm-Dial-Indicator-for-Indoor-Measurement_1,very_high
2825-160,گیج داخل سیلندر ساعتی 50 - 160 — 0-160mm,https://www.tosag.ch/media/image/product/64987/lg/praezisions-2-punkt-bohrungsmessgeraet-innen-feinmessgeraet_1.jpg,https://www.tosag.ch/Precision-2-point-bore-gauge_1,very_high
2841-300,گیج شفت 60 - 300 — 0-300mm,https://www.tosag.ch/media/image/product/62694/lg/kurbelwellenpruefgeraet.jpg,https://www.tosag.ch/Crankshaft-tester,very_high
2841-500,گیج شفت 60 - 500 — 0-500mm,https://www.tosag.ch/media/image/product/62694/lg/kurbelwellenpruefgeraet.jpg,https://www.tosag.ch/Crankshaft-tester,very_high
2862-102,ضخامت سنج ساعتی 0- 10 — 0-102mm,https://www.tosag.ch/media/image/product/51604/lg/dickenmessgeraet_3.jpg,https://www.tosag.ch/Thickness-gauge_4,very_high
2871-101,ضخامت سنج دیجیتال — 0-101mm,https://www.tosag.ch/media/image/product/51673/lg/digital-dickenmessgeraet.jpg,https://www.tosag.ch/Digital-thickness-gauge_1,very_high
3127-100,میکرومتر داخل سه فک دیجیتال 87 - 100 — 0-100mm,https://www.tosag.ch/media/image/product/52881/lg/digital-zweipunkt-innenmikrometer-innenmessschraube.jpg,https://www.tosag.ch/Digital-Two-Point-Internal-Micrometer-Internal-Micrometer,very_high
3127-123,میکرومتر داخل سه فک دیجیتال 6 - 12 — 0-123mm,https://www.tosag.ch/media/image/product/51800/lg/digital-dreipunkt-innenmikrometer-innenmessschrauben-im-satz.jpg,https://www.tosag.ch/Digital-three-point-inside-micrometer-inside-micrometer-set,very_high
3127-125,میکرومتر داخل سه فک دیجیتال 100 - 125 — 0-125mm,https://www.tosag.ch/media/image/product/52881/lg/digital-zweipunkt-innenmikrometer-innenmessschraube.jpg,https://www.tosag.ch/Digital-Two-Point-Internal-Micrometer-Internal-Micrometer,very_high
3127-150,میکرومتر داخل سه فک دیجیتال 125 - 150 — 0-150mm,https://www.tosag.ch/media/image/product/52881/lg/digital-zweipunkt-innenmikrometer-innenmessschraube.jpg,https://www.tosag.ch/Digital-Two-Point-Internal-Micrometer-Internal-Micrometer,very_high
3127-175,میکرومتر داخل سه فک دیجیتال 150 - 175 — 0-175mm,https://www.tosag.ch/media/image/product/52881/lg/digital-zweipunkt-innenmikrometer-innenmessschraube.jpg,https://www.tosag.ch/Digital-Two-Point-Internal-Micrometer-Internal-Micrometer,very_high
3127-200,میکرومتر داخل سه فک دیجیتال 175 - 200 — 0-200mm,https://www.tosag.ch/media/image/product/52881/lg/digital-zweipunkt-innenmikrometer-innenmessschraube.jpg,https://www.tosag.ch/Digital-Two-Point-Internal-Micrometer-Internal-Micrometer,very_high
3127-202,میکرومتر داخل سه فک دیجیتال 12 - 20 — 0-202mm,https://www.tosag.ch/media/image/product/51800/lg/digital-dreipunkt-innenmikrometer-innenmessschrauben-im-satz.jpg,https://www.tosag.ch/Digital-three-point-inside-micrometer-inside-micrometer-set,very_high
3127-225,میکرومتر داخل سه فک دیجیتال 200 - 225 — 0-225mm,https://www.tosag.ch/media/image/product/52881/lg/digital-zweipunkt-innenmikrometer-innenmessschraube.jpg,https://www.tosag.ch/Digital-Two-Point-Internal-Micrometer-Internal-Micrometer,very_high
3127-250,میکرومتر داخل سه فک دیجیتال 225 - 250 — 0-250mm,https://www.tosag.ch/media/image/product/52881/lg/digital-zweipunkt-innenmikrometer-innenmessschraube.jpg,https://www.tosag.ch/Digital-Two-Point-Internal-Micrometer-Internal-Micrometer,very_high
3127-275,میکرومتر داخل سه فک دیجیتال 250 - 275 — 0-275mm,https://www.tosag.ch/media/image/product/52881/lg/digital-zweipunkt-innenmikrometer-innenmessschraube.jpg,https://www.tosag.ch/Digital-Two-Point-Internal-Micrometer-Internal-Micrometer,very_high
3127-300,میکرومتر داخل سه فک دیجیتال 275 - 300 — 0-300mm,https://www.tosag.ch/media/image/product/52881/lg/digital-zweipunkt-innenmikrometer-innenmessschraube.jpg,https://www.tosag.ch/Digital-Two-Point-Internal-Micrometer-Internal-Micrometer,very_high
3127-504,میکرومتر داخل سه فک دیجیتال 20 - 50 — 0-504mm,https://www.tosag.ch/media/image/product/51800/lg/digital-dreipunkt-innenmikrometer-innenmessschrauben-im-satz.jpg,https://www.tosag.ch/Digital-three-point-inside-micrometer-inside-micrometer-set,very_high
3205-1000,میکرومتر خارج میله ای سر تعویض شو 900 - 1000 — 0-1000mm,https://www.tosag.ch/media/image/product/63517/lg/mikrometer-buegelmessschraube-mit-einstellbarem-amboss.jpg,https://www.tosag.ch/Micrometer-outside-micrometer-with-adjustable-anvil,very_high
3205-1200,میکرومتر خارج 1000 - 1200 — 0-1200mm,https://www.tosag.ch/media/image/product/63517/lg/mikrometer-buegelmessschraube-mit-einstellbarem-amboss.jpg,https://www.tosag.ch/Micrometer-outside-micrometer-with-adjustable-anvil,very_high
3205-1400,میکرومتر خارج 1200 - 1400 — 0-1400mm,https://www.tosag.ch/media/image/product/63517/lg/mikrometer-buegelmessschraube-mit-einstellbarem-amboss.jpg,https://www.tosag.ch/Micrometer-outside-micrometer-with-adjustable-anvil,very_high
3205-1600,میکرومتر خارج 1400 - 1600 — 0-1600mm,https://www.tosag.ch/media/image/product/63517/lg/mikrometer-buegelmessschraube-mit-einstellbarem-amboss.jpg,https://www.tosag.ch/Micrometer-outside-micrometer-with-adjustable-anvil,very_high
3205-1800,میکرومتر خارج 1600 - 1800 — 0-1800mm,https://www.tosag.ch/media/image/product/63517/lg/mikrometer-buegelmessschraube-mit-einstellbarem-amboss.jpg,https://www.tosag.ch/Micrometer-outside-micrometer-with-adjustable-anvil,very_high
3205-400,میکرومتر خارج میله ای سر تعویض شو 300 - 400 — 0-400mm,https://www.tosag.ch/media/image/product/63517/lg/mikrometer-buegelmessschraube-mit-einstellbarem-amboss.jpg,https://www.tosag.ch/Micrometer-outside-micrometer-with-adjustable-anvil,very_high
3205-500,میکرومتر خارج میله ای سر تعویض شو 400 - 500 — 0-500mm,https://www.tosag.ch/media/image/product/63517/lg/mikrometer-buegelmessschraube-mit-einstellbarem-amboss.jpg,https://www.tosag.ch/Micrometer-outside-micrometer-with-adjustable-anvil,very_high
3205-600,میکرومتر خارج میله ای سر تعویض شو 500 - 600 — 0-600mm,https://www.tosag.ch/media/image/product/63517/lg/mikrometer-buegelmessschraube-mit-einstellbarem-amboss.jpg,https://www.tosag.ch/Micrometer-outside-micrometer-with-adjustable-anvil,very_high
3205-700,میکرومتر خارج میله ای سر تعویض شو 600 - 700 — 0-700mm,https://www.tosag.ch/media/image/product/63517/lg/mikrometer-buegelmessschraube-mit-einstellbarem-amboss.jpg,https://www.tosag.ch/Micrometer-outside-micrometer-with-adjustable-anvil,very_high
3205-800,میکرومتر خارج میله ای سر تعویض شو 700 - 800 — 0-800mm,https://www.tosag.ch/media/image/product/63517/lg/mikrometer-buegelmessschraube-mit-einstellbarem-amboss.jpg,https://www.tosag.ch/Micrometer-outside-micrometer-with-adjustable-anvil,very_high
3205-900,میکرومتر خارج میله ای سر تعویض شو 800 - 900 — 0-900mm,https://www.tosag.ch/media/image/product/63517/lg/mikrometer-buegelmessschraube-mit-einstellbarem-amboss.jpg,https://www.tosag.ch/Micrometer-outside-micrometer-with-adjustable-anvil,very_high
3220-100,میکرومتر داخل 75 - 100 — 0-100mm,https://www.tosag.ch/media/image/product/63451/lg/mikrometer-buegelmessschraube-fuer-innenmessung.jpg,https://www.tosag.ch/Micrometer-outside-micrometer-for-inside-measurement,very_high
3222-300,میکرومتر داخل لوله ای 50 - 300 — 0-300mm,https://www.tosag.ch/media/image/product/54327/lg/innenmikrometer-innenmessschraube_1.jpg,https://www.tosag.ch/Inside-Micrometer-Inside-Micrometer_1,very_high
3222-500,میکرومتر داخل لوله ای 50 - 500 — 0-500mm,https://www.tosag.ch/media/image/product/54327/lg/innenmikrometer-innenmessschraube_1.jpg,https://www.tosag.ch/Inside-Micrometer-Inside-Micrometer_1,very_high
3222-600,میکرومتر داخل لوله ای 50 - 600 — 0-600mm,https://www.tosag.ch/media/image/product/54327/lg/innenmikrometer-innenmessschraube_1.jpg,https://www.tosag.ch/Inside-Micrometer-Inside-Micrometer_1,very_high
3225-2100,میکرومتر داخل لوله ای معمولی 100 - 2100,https://www.tosag.ch/media/image/product/54329/lg/innenmikrometer-innenmessschraube_3.jpg,https://www.tosag.ch/Inside-Micrometer-Inside-Micrometer_3,very_high
3227-100,میکرومتر داخل سه فک 87 - 100 — 0-100mm,https://www.tosag.ch/media/image/product/53215/lg/dreipunkt-innenmikrometer-innenmessschraube.jpg,https://www.tosag.ch/Three-point-inside-micrometer-Inside-micrometer,very_high
3227-123,میکرومتر داخل سه فک 6 - 12 — 0-123mm,https://www.tosag.ch/media/image/product/53243/lg/zweipunkt-innenmikrometer-innenmessschrauben-im-satz.jpg,https://www.tosag.ch/Three-point-inside-micrometer-inside-micrometer-set,very_high
3227-125,میکرومتر داخل سه فک 100 - 125کولیس دیجیتال — 0-125mm,https://www.tosag.ch/media/image/product/53215/lg/dreipunkt-innenmikrometer-innenmessschraube.jpg,https://www.tosag.ch/Three-point-inside-micrometer-Inside-micrometer,very_high
3227-150,میکرومتر داخل سه فک 125 - 150 — 0-150mm,https://www.tosag.ch/media/image/product/53215/lg/dreipunkt-innenmikrometer-innenmessschraube.jpg,https://www.tosag.ch/Three-point-inside-micrometer-Inside-micrometer,very_high
3227-175,میکرومتر داخل سه فک 150 - 175 — 0-175mm,https://www.tosag.ch/media/image/product/53215/lg/dreipunkt-innenmikrometer-innenmessschraube.jpg,https://www.tosag.ch/Three-point-inside-micrometer-Inside-micrometer,very_high
3227-200,میکرومتر داخل سه فک 175 - 200 — 0-200mm,https://www.tosag.ch/media/image/product/53215/lg/dreipunkt-innenmikrometer-innenmessschraube.jpg,https://www.tosag.ch/Three-point-inside-micrometer-Inside-micrometer,very_high
3227-202,میکرومتر داخل سه فک 12 - 20 — 0-202mm,https://www.tosag.ch/media/image/product/53243/lg/zweipunkt-innenmikrometer-innenmessschrauben-im-satz.jpg,https://www.tosag.ch/Three-point-inside-micrometer-inside-micrometer-set,very_high
3227-504,میکرومتر داخل سه فک 20 - 50 — 0-504mm,https://www.tosag.ch/media/image/product/53243/lg/zweipunkt-innenmikrometer-innenmessschrauben-im-satz.jpg,https://www.tosag.ch/Three-point-inside-micrometer-inside-micrometer-set,very_high
3240-100,عمق سنج میله ای ( 0 - 100بیس 101میلیمتر) — 0-100mm,https://www.tosag.ch/media/image/product/51321/lg/analog-tiefenmikrometer-tiefenmessschraube.jpg,https://www.tosag.ch/Analog-depth-micrometer-depth-gauge,very_high
3240-150,عمق سنج میله ای ( 0 - 150بیس 101میلیمتر) — 0-150mm,https://www.tosag.ch/media/image/product/51321/lg/analog-tiefenmikrometer-tiefenmessschraube.jpg,https://www.tosag.ch/Analog-depth-micrometer-depth-gauge,very_high
3240-300,عمق سنج میله ای ( 0 - 300بیس 101میلیمتر) — 0-300mm,https://www.tosag.ch/media/image/product/51321/lg/analog-tiefenmikrometer-tiefenmessschraube.jpg,https://www.tosag.ch/Analog-depth-micrometer-depth-gauge,very_high
3282-100,میکرومتر دیسکی 75 - 100 — 0-100mm,https://www.tosag.ch/media/image/product/68598/lg/zahnweiten-mikrometer-buegelmessschraube-einfache-ausfuehrung.jpg,https://www.tosag.ch/Tooth-width-micrometer-outside-micrometer-simple-version,very_high
3293-131,میکرومتر درب قوطی 0 - 13 — 0-131mm,https://www.tosag.ch/media/image/product/63563/lg/mikrometer-buegelmessschraube-mit-kleinem-buegel-zum-messen-von-dosen-naehten.jpg,https://www.tosag.ch/Micrometer-outside-micrometer-with-small-yoke-for-measuring-can-seams,very_high
3520-100,میکرومتر داخل دیجیتال 75 - 100 — 0-100mm,https://www.tosag.ch/media/image/product/52450/lg/digital-mikrometer-buegelmessschraube-fuer-innenmessung.jpg,https://www.tosag.ch/Digital-micrometer-outside-micrometer-for-inside-measurement,very_high
3521-2000,میکرومتر داخل لوله ای دیجیتال 150 - 2000 — 0-2000mm,https://www.tosag.ch/media/image/product/51887/lg/digital-innenmikrometer-innenmessschraube.jpg,https://www.tosag.ch/Digital-Inside-Micrometer-Inside-Micrometer,very_high
3540-150,عمق سنج میله ای دیجیتال ( 0 - 150بیس 101میلیمتر) — 0-150mm,https://www.tosag.ch/media/image/product/52798/lg/digital-tiefenmikrometer-tiefenmessschraube.jpg,https://www.tosag.ch/Digital-depth-micrometer-depth-gauge,very_high
3540-300,عمق سنج میله ای دیجیتال ( 0 - 300بیس 101میلیمتر) — 0-300mm,https://www.tosag.ch/media/image/product/52798/lg/digital-tiefenmikrometer-tiefenmessschraube.jpg,https://www.tosag.ch/Digital-depth-micrometer-depth-gauge,very_high
4100-187,گرید 1 جعبه راپورتر 87پارچه — 0-187mm,https://www.tosag.ch/media/image/product/64781/lg/parallelendmass-satz-stahl.jpg,https://www.tosag.ch/Gauge-block-set-steel,very_high
4100-232,گرید 2 جعبه راپورتر 32پارچه — 0-232mm,https://www.tosag.ch/media/image/product/64781/lg/parallelendmass-satz-stahl.jpg,https://www.tosag.ch/Gauge-block-set-steel,very_high
4100-247,گرید 2 جعبه راپورتر 47پارچه — 0-247mm,https://www.tosag.ch/media/image/product/64781/lg/parallelendmass-satz-stahl.jpg,https://www.tosag.ch/Gauge-block-set-steel,very_high
4100-287,جعبه راپورتر 87پارچه — 0-287mm,https://www.tosag.ch/media/image/product/64781/lg/parallelendmass-satz-stahl.jpg,https://www.tosag.ch/Gauge-block-set-steel,very_high
4141-400,گونیا گرانیتی 400 - 250میلیمتر — 0-400mm,https://www.tosag.ch/media/image/product/54040/lg/granitwinkel.jpg,https://www.tosag.ch/Granite-angle,very_high
4166-411,پین گیج 41پارچه 1 - 5 — 0-411mm,https://www.tosag.ch/media/image/product/67206/lg/pruefstifte-im-satz.jpg,https://www.tosag.ch/Test-pins-in-set,very_high
4166-511,پین گیج 51پارچه 5 - 10 — 0-511mm,https://www.tosag.ch/media/image/product/67206/lg/pruefstifte-im-satz.jpg,https://www.tosag.ch/Test-pins-in-set,very_high
4166-512,پین گیج 51پارچه 10 - 15 — 0-512mm,https://www.tosag.ch/media/image/product/67206/lg/pruefstifte-im-satz.jpg,https://www.tosag.ch/Test-pins-in-set,very_high
4166-513,پین گیج 51پارچه 15 - 20 — 0-513mm,https://www.tosag.ch/media/image/product/67206/lg/pruefstifte-im-satz.jpg,https://www.tosag.ch/Test-pins-in-set,very_high
4605-201,فیلر 20تیغ 20سانت ( ) 0.05 ~ 1 — 20 سانت,https://www.tosag.ch/media/image/product/62698/lg/lange-fuehlerlehre.jpg,https://www.tosag.ch/Long-feeler-gauge,very_high
4605-202,فیلر 20تیغ 30سانت ( ) 0.05 ~ 1 — 30 سانت,https://www.tosag.ch/media/image/product/62698/lg/lange-fuehlerlehre.jpg,https://www.tosag.ch/Long-feeler-gauge,very_high
4621-100,1/00 فیلر نواری 5متری — 5 متر,https://www.tosag.ch/media/image/product/53761/lg/fuehlerlehrenband.jpg,https://www.tosag.ch/Feeler-gauge-tape,very_high
4700-200,خط کش مویی 20سانت — 20 سانت,https://www.tosag.ch/media/image/product/54114/lg/haarlineal.jpg,https://www.tosag.ch/Straight-edge,very_high
4707-300,گرید 2 گونیا صنعتی 30سانت — 30 سانت,https://www.tosag.ch/media/image/product/67553/lg/schlosserwinkel-mit-breitem-anschlagwinkel-din875-einfache-ausfuehrung.jpg,https://www.tosag.ch/Locksmith-angle-with-wide-stop-angle-DIN875-simple-version,very_high
4707-500,گرید 2 گونیا صنعتی 50سانت — 50 سانت,https://www.tosag.ch/media/image/product/67553/lg/schlosserwinkel-mit-breitem-anschlagwinkel-din875-einfache-ausfuehrung.jpg,https://www.tosag.ch/Locksmith-angle-with-wide-stop-angle-DIN875-simple-version,very_high
4745-1150,گونیا صنعتی 45درجه 150 * 100میلیمتر — 0-1150mm,https://www.tosag.ch/media/image/product/50996/lg/45-spitzwinkel.jpg,https://www.tosag.ch/45-acute-angle,very_high
4745-1200,گونیا صنعتی 45درجه 200 * 130میلیمتر — 0-1200mm,https://www.tosag.ch/media/image/product/50996/lg/45-spitzwinkel.jpg,https://www.tosag.ch/45-acute-angle,very_high
4796-100,گرید 2 گونیا صنعتی 100 * 70 — 0-100mm,https://www.tosag.ch/media/image/product/67541/lg/schlosserwinkel-einfache-ausfuehrung.jpg,https://www.tosag.ch/Locksmith-angle-simple-version,very_high
4796-150,گرید 2 گونیا صنعتی 150 * 100 — 0-150mm,https://www.tosag.ch/media/image/product/67541/lg/schlosserwinkel-einfache-ausfuehrung.jpg,https://www.tosag.ch/Locksmith-angle-simple-version,very_high
4796-300,گونیا صنعتی 200 * 300 — 0-300mm,https://www.tosag.ch/media/image/product/67541/lg/schlosserwinkel-einfache-ausfuehrung.jpg,https://www.tosag.ch/Locksmith-angle-simple-version,very_high
4799-1120,دقیقه 1 زاویه سنج 15سانت — 15 سانت,https://www.tosag.ch/media/image/product/68527/lg/winkelmesser_4.jpg,https://www.tosag.ch/Protractor_4,very_high
4799-1150,دقیقه 1 زاویه سنج 20سانت — 20 سانت,https://www.tosag.ch/media/image/product/68527/lg/winkelmesser_4.jpg,https://www.tosag.ch/Protractor_4,very_high
4799-1200,دقیقه 1 زاویه سنج 30سانت — 30 سانت,https://www.tosag.ch/media/image/product/68527/lg/winkelmesser_4.jpg,https://www.tosag.ch/Protractor_4,very_high
4799-1300,دقیقه 1 زاویه سنج 50سانت — 50 سانت,https://www.tosag.ch/media/image/product/68527/lg/winkelmesser_4.jpg,https://www.tosag.ch/Protractor_4,very_high
4799-180,دقیقه 1 زاویه سنج 12سانت — 12 سانت,https://www.tosag.ch/media/image/product/68527/lg/winkelmesser_4.jpg,https://www.tosag.ch/Protractor_4,very_high
4810-601,شابلون رنده 60درجه — 0-601mm,https://www.tosag.ch/media/image/product/62734/lg/lehre-fuer-gewindemittenmass.jpg,https://www.tosag.ch/Gauge-for-thread-center-dimension,very_high
4810-602,شابلون رنده 60درجه — 0-602mm,https://www.tosag.ch/media/image/product/62734/lg/lehre-fuer-gewindemittenmass.jpg,https://www.tosag.ch/Gauge-for-thread-center-dimension,very_high
4820-230,شابلون دنده 60درجه 4 - 42اینچ — 0-230mm,https://www.tosag.ch/media/image/product/54009/lg/gewindeschablone-einfache-ausfuehrung.jpg,https://www.tosag.ch/Thread-template-simple-version,very_high
4820-452,شابلون رزوه اینچ و میلیمتر از - 6 — 0-452mm,https://www.tosag.ch/media/image/product/54009/lg/gewindeschablone-einfache-ausfuehrung.jpg,https://www.tosag.ch/Thread-template-simple-version,very_high
4820-552,شابلون رزوه اینچ و میلیمتر 60درجه از - 7 — 0-552mm,https://www.tosag.ch/media/image/product/54009/lg/gewindeschablone-einfache-ausfuehrung.jpg,https://www.tosag.ch/Thread-template-simple-version,very_high
4860-212,شابلون مودول 20درجه 5 - 12میلیمتر — 0-212mm,https://www.tosag.ch/media/image/product/68265/lg/verzahnungslehre.jpg,https://www.tosag.ch/Gear-Gauge,very_high
4860-245,شابلون مودول 20درجه 0.35 - 4.5میلیمتر — 0-245mm,https://www.tosag.ch/media/image/product/68265/lg/verzahnungslehre.jpg,https://www.tosag.ch/Gear-Gauge,very_high
4902-150,تراز صنعتی چهار گوش 15سانت — 15 سانت,https://www.tosag.ch/media/image/product/67297/lg/rahmen-richtwaage-einfache-ausfuehrung.jpg,https://www.tosag.ch/Frame-straightening-scale-simple-version,very_high
4902-200,تراز صنعتی چهار گوش 20سانت — 20 سانت,https://www.tosag.ch/media/image/product/67297/lg/rahmen-richtwaage-einfache-ausfuehrung.jpg,https://www.tosag.ch/Frame-straightening-scale-simple-version,very_high
4902-300,تراز صنعتی چهار گوش 30سانت — 30 سانت,https://www.tosag.ch/media/image/product/67297/lg/rahmen-richtwaage-einfache-ausfuehrung.jpg,https://www.tosag.ch/Frame-straightening-scale-simple-version,very_high
4910-400,شیب سنج دیجیتال 40سانت — 40 سانت,https://www.tosag.ch/media/image/product/52918/lg/digitale-wasserwaage-und-neigungsmesser.jpg,https://www.tosag.ch/Digital-spirit-level-and-clinometer,very_high
4910-600,شیب سنج دیجیتال 60سانت — 60 سانت,https://www.tosag.ch/media/image/product/52918/lg/digitale-wasserwaage-und-neigungsmesser.jpg,https://www.tosag.ch/Digital-spirit-level-and-clinometer,very_high
4911-600,تراز 60سانت الومینیومی ( بدون مگنت ) — 60 سانت,https://www.tosag.ch/media/image/product/68346/lg/wasserwaage-aus-aluminiumdruckguss.jpg,https://www.tosag.ch/Die-cast-aluminum-spirit-level,very_high
4918-300,تراز 30سانت مگنت دار — 30 سانت,https://www.tosag.ch/media/image/product/68356/lg/wasserwaage-aus-aluminiumdruckguss-einfache-ausfuehrung.jpg,https://www.tosag.ch/Spirit-level-made-of-die-cast-aluminum-simple-version,very_high
4918-600,تراز 60سانت مگنت دار — 60 سانت,https://www.tosag.ch/media/image/product/68356/lg/wasserwaage-aus-aluminiumdruckguss-einfache-ausfuehrung.jpg,https://www.tosag.ch/Spirit-level-made-of-die-cast-aluminum-simple-version,very_high
4922-100,تراز 2طرفه دستی — 0-100mm,https://www.tosag.ch/media/image/product/72769/lg/hand-wasserwaage.jpg,https://www.tosag.ch/Cast-aluminum-spirit-level-250mm_4,very_high
4922-150,تراز 3طرفه دستی 15سانت — 15 سانت,https://www.tosag.ch/media/image/product/72769/lg/hand-wasserwaage.jpg,https://www.tosag.ch/Cast-aluminum-spirit-level-250mm_4,very_high
6202-100,"2,180,000 پایه ساعت 6202-80 387 — 0-100mm",https://www.tosag.ch/media/image/product/62802/lg/magnet-messstativ.jpg,https://www.tosag.ch/Magnetic-measuring-stand,very_high
6210-100,پایه ساعت مفصلی — 0-100mm,https://www.tosag.ch/media/image/product/68115/lg/universal-magnet-messstativ.jpg,https://www.tosag.ch/Universal-magnetic-measuring-stand,very_high
6282-2001,رابط ساعت 1سانت — 1 سانت,https://www.tosag.ch/media/image/product/68237/lg/verlaengerung-fuer-messeinsaetze-stahl.jpg,https://www.tosag.ch/Extension-for-measuring-inserts-steel,very_high
6282-2002,رابط ساعت 1/5سانت — 5 سانت,https://www.tosag.ch/media/image/product/68237/lg/verlaengerung-fuer-messeinsaetze-stahl.jpg,https://www.tosag.ch/Extension-for-measuring-inserts-steel,very_high
6282-2003,رابط ساعت 2سانت — 2 سانت,https://www.tosag.ch/media/image/product/68237/lg/verlaengerung-fuer-messeinsaetze-stahl.jpg,https://www.tosag.ch/Extension-for-measuring-inserts-steel,very_high
6282-2004,رابط ساعت 2/5سانت — 5 سانت,https://www.tosag.ch/media/image/product/68237/lg/verlaengerung-fuer-messeinsaetze-stahl.jpg,https://www.tosag.ch/Extension-for-measuring-inserts-steel,very_high
6282-2005,رابط ساعت 3سانت — 3 سانت,https://www.tosag.ch/media/image/product/68237/lg/verlaengerung-fuer-messeinsaetze-stahl.jpg,https://www.tosag.ch/Extension-for-measuring-inserts-steel,very_high
6282-2007,رابط ساعت 4سانت — 4 سانت,https://www.tosag.ch/media/image/product/68237/lg/verlaengerung-fuer-messeinsaetze-stahl.jpg,https://www.tosag.ch/Extension-for-measuring-inserts-steel,very_high
6282-2009,رابط ساعت 5سانت — 5 سانت,https://www.tosag.ch/media/image/product/68237/lg/verlaengerung-fuer-messeinsaetze-stahl.jpg,https://www.tosag.ch/Extension-for-measuring-inserts-steel,very_high
6282-2013,رابط ساعت 7سانت — 7 سانت,https://www.tosag.ch/media/image/product/68237/lg/verlaengerung-fuer-messeinsaetze-stahl.jpg,https://www.tosag.ch/Extension-for-measuring-inserts-steel,very_high
6282-2017,رابط ساعت 10سانت — 10 سانت,https://www.tosag.ch/media/image/product/68237/lg/verlaengerung-fuer-messeinsaetze-stahl.jpg,https://www.tosag.ch/Extension-for-measuring-inserts-steel,very_high
6511-241,"32,560,000 پارالل گیج 6511-24 599 — 0-241mm",https://www.tosag.ch/media/image/product/64953/lg/parallelenunterlagen-im-satz.jpg,https://www.tosag.ch/Parallel-documents-in-the-set_1,very_high
6801-1201,وی بلوک مگنتی 80*70*95میلیمتر — 0-1201mm,https://www.tosag.ch/media/image/product/62813/lg/magnet-prisma.jpg,https://www.tosag.ch/Magnet-prism,very_high
6801-1202,وی بلوک مگنتی 100*70*95میلیمتر — 0-1202mm,https://www.tosag.ch/media/image/product/62813/lg/magnet-prisma.jpg,https://www.tosag.ch/Magnet-prism,very_high
6862-1002,"نقاله ،گام سنج ،ارسنج ،فیلر ،گونیا مویی ،سوزن خط کش ،خط کش ،پایه 17,990,000 5013 376 — 0-1002mm",https://www.tosag.ch/media/image/product/63219/lg/messtisch.jpg,https://www.tosag.ch/Measuring-table,very_high
6890-702,وی بلوک مگنتی 70*60*73میلیمتر — 0-702mm,https://www.tosag.ch/media/image/product/88059/lg/magnetprisma.jpg,https://www.tosag.ch/Magnetic-prism,very_high
6900-132,گرید 00 صفحه صافی گرانیت 300 * 200 * 60 — 0-132mm,https://www.tosag.ch/media/image/product/62925/lg/mess-und-kontrollplatte-aus-granit.jpg,https://www.tosag.ch/Granite-measuring-and-control-plate,very_high
6900-142,گرید 00 صفحه صافی گرانیت 400 * 250 * 60 — 0-142mm,https://www.tosag.ch/media/image/product/62925/lg/mess-und-kontrollplatte-aus-granit.jpg,https://www.tosag.ch/Granite-measuring-and-control-plate,very_high
6900-153,گرید 00 صفحه صافی گرانیت 500 * 315 * 70 — 0-153mm,https://www.tosag.ch/media/image/product/62925/lg/mess-und-kontrollplatte-aus-granit.jpg,https://www.tosag.ch/Granite-measuring-and-control-plate,very_high
6900-164,گرید 00 صفحه صافی گرانیت 630 * 400 * 80 — 0-164mm,https://www.tosag.ch/media/image/product/62925/lg/mess-und-kontrollplatte-aus-granit.jpg,https://www.tosag.ch/Granite-measuring-and-control-plate,very_high
6900-185,گرید 00 صفحه صافی گرانیت 800 * 500 * 100 — 0-185mm,https://www.tosag.ch/media/image/product/62925/lg/mess-und-kontrollplatte-aus-granit.jpg,https://www.tosag.ch/Granite-measuring-and-control-plate,very_high
7110-150,خط کش استن استیل 15سانت کولیس دیجیتال — 0-150mm,https://www.tosag.ch/media/image/product/67764/lg/stahlmassstab-einfache-ausfuehrung.jpg,https://www.tosag.ch/Steel-scale-simple-version,very_high
7110-200,خط کش استن استیل 20سانت — 20 سانت,https://www.tosag.ch/media/image/product/67764/lg/stahlmassstab-einfache-ausfuehrung.jpg,https://www.tosag.ch/Steel-scale-simple-version,very_high
7110-300,خط کش استن استیل 30سانت — 30 سانت,https://www.tosag.ch/media/image/product/67764/lg/stahlmassstab-einfache-ausfuehrung.jpg,https://www.tosag.ch/Steel-scale-simple-version,very_high
7110-500,خط کش استن استیل 50سانت — 50 سانت,https://www.tosag.ch/media/image/product/67764/lg/stahlmassstab-einfache-ausfuehrung.jpg,https://www.tosag.ch/Steel-scale-simple-version,very_high
7110-600,خط کش استن استیل 60سانت — 60 سانت,https://www.tosag.ch/media/image/product/67764/lg/stahlmassstab-einfache-ausfuehrung.jpg,https://www.tosag.ch/Steel-scale-simple-version,very_high
7114-950,سیرکومتر قطر لوله 20 - 300 — 0-950mm,https://www.tosag.ch/media/image/product/68111/lg/umfang-messband.jpg,https://www.tosag.ch/Scope-measuring-tape_3,very_high
7139-100,خط کش نواری 1متر باریک — 1 متر,https://www.tosag.ch/media/image/product/72800/lg/selbstklebendes-massband.jpg,https://www.tosag.ch/Self-adhesive-Measuring-Tape,very_high
7205-200,گونیا مرکز یاب 20سانت — 20 سانت,https://www.tosag.ch/media/image/product/67817/lg/streichmass-fuer-mittelpunkt.jpg,https://www.tosag.ch/Coating-gauge-for-center-point,very_high
7247-150,پرگار مستقیم 15سانت — 15 سانت,https://www.tosag.ch/media/image/product/67267/lg/qualitaets-zirkel.jpg,https://www.tosag.ch/Quality-Circle,very_high
7247-200,پرگار مستقیم 20سانت — 20 سانت,https://www.tosag.ch/media/image/product/67267/lg/qualitaets-zirkel.jpg,https://www.tosag.ch/Quality-Circle,very_high
7247-300,پرگار مستقیم 30سانت — 30 سانت,https://www.tosag.ch/media/image/product/67267/lg/qualitaets-zirkel.jpg,https://www.tosag.ch/Quality-Circle,very_high
7261-150,پرگار داخل 15سانت — 15 سانت,https://www.tosag.ch/media/image/product/53660/lg/feder-lochzirkel.jpg,https://www.tosag.ch/Spring-punch-compass,very_high
7261-200,پرگار داخل 20سانت — 20 سانت,https://www.tosag.ch/media/image/product/53660/lg/feder-lochzirkel.jpg,https://www.tosag.ch/Spring-punch-compass,very_high
7261-300,پرگار داخل 30سانت — 30 سانت,https://www.tosag.ch/media/image/product/53660/lg/feder-lochzirkel.jpg,https://www.tosag.ch/Spring-punch-compass,very_high
7262-150,پرگار خارج 15سانت — 15 سانت,https://www.tosag.ch/media/image/product/53655/lg/feder-greifzirkel.jpg,https://www.tosag.ch/Spring-Gripper-Compass,very_high
7262-200,پرگار خارج 20سانت — 20 سانت,https://www.tosag.ch/media/image/product/53655/lg/feder-greifzirkel.jpg,https://www.tosag.ch/Spring-Gripper-Compass,very_high
7262-300,پرگار خارج 30سانت — 30 سانت,https://www.tosag.ch/media/image/product/53655/lg/feder-greifzirkel.jpg,https://www.tosag.ch/Spring-Gripper-Compass,very_high
7350-160,ست رابط گیج داخل سیلندر 50 - 160 — 0-160mm,https://www.tosag.ch/media/image/product/62972/lg/messbolzen-fuer-bohrungsmessgeraete.jpg,https://www.tosag.ch/Measuring-pin-for-bore-gauges,very_high
